#time (s),x (m),y (m),uxx,uxy,uyx,uyy
0.00, None
0.10,None
0.20,None
0.30,None
0.40,None
0.50,None
0.60,None
0.70,None
0.80,None
0.90,None
1.00,None
1.10,None
1.20,None
1.30,None
1.40,None
1.50,None
1.60,None
1.70,None
1.80,None
1.90,None
2.00,None
2.10,None
2.20,None
2.30,None
2.40,None
2.50,None
2.60,None
2.70,None
2.80,None
2.90,None
3.00,None
3.10,None
3.20,None
3.30,None
3.40,None
3.50,None
3.60,None
3.70,None
3.80,None
3.90,None
4.00,None
4.10,None
4.20,None
4.30,None
4.40,None
4.50,None
4.60,None
4.70,None
4.80,None
4.90,None
5.00,None
5.10,None
5.20,None
5.30,None
5.40,None
5.50,None
5.60,None
5.70,None
5.80,None
5.90,None
6.00,None
6.10,None
6.20,None
6.30,None
6.40,None
6.50,None
6.60,None
6.70,None
6.80,None
6.90,None
7.00,None
7.10,None
7.20,None
7.30,None
7.40,None
7.50,None
7.60,None
7.70,None
7.80,None
7.90,None
8.00,None
8.10,None
8.20,None
8.30,None
8.40,None
8.50,None
8.60,None
8.70,None
8.80,None
8.90,None
9.00,None
9.10,None
9.20,None
9.30,None
9.40,None
9.50,None
9.60,None
9.70,None
9.80,None
9.90,None
10.00,0.15609768048032407,0.06418081334444457,0.0025000000000000005,0.0,0.0,0.0025000000000000005
10.10,None
10.20,None
10.30,None
10.40,None
10.50,None
10.60,None
10.70,None
10.80,None
10.90,None
11.00,None
11.10,None
11.20,None
11.30,None
11.40,None
11.50,None
11.60,None
11.70,None
11.80,None
11.90,None
12.00,None
12.10,None
12.20,None
12.30,None
12.40,None
12.50,None
12.60,None
12.70,None
12.80,None
12.90,None
13.00,None
13.10,None
13.20,None
13.30,None
13.40,None
13.50,None
13.60,None
13.70,None
13.80,None
13.90,None
14.00,None
14.10,None
14.20,None
14.30,None
14.40,None
14.50,None
14.60,None
14.70,None
14.80,None
14.90,None
15.00,None
15.10,None
15.20,None
15.30,None
15.40,None
15.50,None
15.60,None
15.70,None
15.80,None
15.90,None
16.00,None
16.10,None
16.20,None
16.30,None
16.40,None
16.50,None
16.60,None
16.70,None
16.80,None
16.90,None
17.00,None
17.10,None
17.20,None
17.30,None
17.40,None
17.50,None
17.60,None
17.70,None
17.80,None
17.90,None
18.00,None
18.10,None
18.20,None
18.30,None
18.40,None
18.50,None
18.60,None
18.70,None
18.80,None
18.90,None
19.00,None
19.10,None
19.20,None
19.30,None
19.40,None
19.50,None
19.60,None
19.70,None
19.80,None
19.90,None
20.00,0.42871570851256635,0.03681944271681475,0.0025000000000000005,0.0,0.0,0.0025000000000000005
20.10,None
20.20,None
20.30,None
20.40,None
20.50,None
20.60,None
20.70,None
20.80,None
20.90,None
21.00,None
21.10,None
21.20,None
21.30,None
21.40,None
21.50,None
21.60,None
21.70,None
21.80,None
21.90,None
22.00,None
22.10,None
22.20,None
22.30,None
22.40,None
22.50,None
22.60,None
22.70,None
22.80,None
22.90,None
23.00,None
23.10,None
23.20,None
23.30,None
23.40,None
23.50,None
23.60,None
23.70,None
23.80,None
23.90,None
24.00,None
24.10,None
24.20,None
24.30,None
24.40,None
24.50,None
24.60,None
24.70,None
24.80,None
24.90,None
25.00,None
25.10,None
25.20,None
25.30,None
25.40,None
25.50,None
25.60,None
25.70,None
25.80,None
25.90,None
26.00,None
26.10,None
26.20,None
26.30,None
26.40,None
26.50,None
26.60,None
26.70,None
26.80,None
26.90,None
27.00,None
27.10,None
27.20,None
27.30,None
27.40,None
27.50,None
27.60,None
27.70,None
27.80,None
27.90,None
28.00,None
28.10,None
28.20,None
28.30,None
28.40,None
28.50,None
28.60,None
28.70,None
28.80,None
28.90,None
29.00,None
29.10,None
29.20,None
29.30,None
29.40,None
29.50,None
29.60,None
29.70,None
29.80,None
29.90,None
30.00,0.6713981221874386,-0.07605248060434097,0.0025000000000000005,0.0,0.0,0.0025000000000000005
30.10,None
30.20,None
30.30,None
30.40,None
30.50,None
30.60,None
30.70,None
30.80,None
30.90,None
31.00,None
31.10,None
31.20,None
31.30,None
31.40,None
31.50,None
31.60,None
31.70,None
31.80,None
31.90,None
32.00,None
32.10,None
32.20,None
32.30,None
32.40,None
32.50,None
32.60,None
32.70,None
32.80,None
32.90,None
33.00,None
33.10,None
33.20,None
33.30,None
33.40,None
33.50,None
33.60,None
33.70,None
33.80,None
33.90,None
34.00,None
34.10,None
34.20,None
34.30,None
34.40,None
34.50,None
34.60,None
34.70,None
34.80,None
34.90,None
35.00,None
35.10,None
35.20,None
35.30,None
35.40,None
35.50,None
35.60,None
35.70,None
35.80,None
35.90,None
36.00,None
36.10,None
36.20,None
36.30,None
36.40,None
36.50,None
36.60,None
36.70,None
36.80,None
36.90,None
37.00,None
37.10,None
37.20,None
37.30,None
37.40,None
37.50,None
37.60,None
37.70,None
37.80,None
37.90,None
38.00,None
38.10,None
38.20,None
38.30,None
38.40,None
38.50,None
38.60,None
38.70,None
38.80,None
38.90,None
39.00,None
39.10,None
39.20,None
39.30,None
39.40,None
39.50,None
39.60,None
39.70,None
39.80,None
39.90,None
40.00,0.8247865791919904,0.042801890350076824,0.0025000000000000005,0.0,0.0,0.0025000000000000005
40.10,None
40.20,None
40.30,None
40.40,None
40.50,None
40.60,None
40.70,None
40.80,None
40.90,None
41.00,None
41.10,None
41.20,None
41.30,None
41.40,None
41.50,None
41.60,None
41.70,None
41.80,None
41.90,None
42.00,None
42.10,None
42.20,None
42.30,None
42.40,None
42.50,None
42.60,None
42.70,None
42.80,None
42.90,None
43.00,None
43.10,None
43.20,None
43.30,None
43.40,None
43.50,None
43.60,None
43.70,None
43.80,None
43.90,None
44.00,None
44.10,None
44.20,None
44.30,None
44.40,None
44.50,None
44.60,None
44.70,None
44.80,None
44.90,None
45.00,None
45.10,None
45.20,None
45.30,None
45.40,None
45.50,None
45.60,None
45.70,None
45.80,None
45.90,None
46.00,None
46.10,None
46.20,None
46.30,None
46.40,None
46.50,None
46.60,None
46.70,None
46.80,None
46.90,None
47.00,None
47.10,None
47.20,None
47.30,None
47.40,None
47.50,None
47.60,None
47.70,None
47.80,None
47.90,None
48.00,None
48.10,None
48.20,None
48.30,None
48.40,None
48.50,None
48.60,None
48.70,None
48.80,None
48.90,None
49.00,None
49.10,None
49.20,None
49.30,None
49.40,None
49.50,None
49.60,None
49.70,None
49.80,None
49.90,None
50.00,0.9753340664747381,-0.04451360613329036,0.0025000000000000005,0.0,0.0,0.0025000000000000005
50.10,None
50.20,None
50.30,None
50.40,None
50.50,None
50.60,None
50.70,None
50.80,None
50.90,None
51.00,None
51.10,None
51.20,None
51.30,None
51.40,None
51.50,None
51.60,None
51.70,None
51.80,None
51.90,None
52.00,None
52.10,None
52.20,None
52.30,None
52.40,None
52.50,None
52.60,None
52.70,None
52.80,None
52.90,None
53.00,None
53.10,None
53.20,None
53.30,None
53.40,None
53.50,None
53.60,None
53.70,None
53.80,None
53.90,None
54.00,None
54.10,None
54.20,None
54.30,None
54.40,None
54.50,None
54.60,None
54.70,None
54.80,None
54.90,None
55.00,None
55.10,None
55.20,None
55.30,None
55.40,None
55.50,None
55.60,None
55.70,None
55.80,None
55.90,None
56.00,None
56.10,None
56.20,None
56.30,None
56.40,None
56.50,None
56.60,None
56.70,None
56.80,None
56.90,None
57.00,None
57.10,None
57.20,None
57.30,None
57.40,None
57.50,None
57.60,None
57.70,None
57.80,None
57.90,None
58.00,None
58.10,None
58.20,None
58.30,None
58.40,None
58.50,None
58.60,None
58.70,None
58.80,None
58.90,None
59.00,None
59.10,None
59.20,None
59.30,None
59.40,None
59.50,None
59.60,None
59.70,None
59.80,None
59.90,None
60.00,1.2392358935462233,-0.014347653344798109,0.0025000000000000005,0.0,0.0,0.0025000000000000005
60.10,None
60.20,None
60.30,None
60.40,None
60.50,None
60.60,None
60.70,None
60.80,None
60.90,None
61.00,None
61.10,None
61.20,None
61.30,None
61.40,None
61.50,None
61.60,None
61.70,None
61.80,None
61.90,None
62.00,None
62.10,None
62.20,None
62.30,None
62.40,None
62.50,None
62.60,None
62.70,None
62.80,None
62.90,None
63.00,None
63.10,None
63.20,None
63.30,None
63.40,None
63.50,None
63.60,None
63.70,None
63.80,None
63.90,None
64.00,None
64.10,None
64.20,None
64.30,None
64.40,None
64.50,None
64.60,None
64.70,None
64.80,None
64.90,None
65.00,None
65.10,None
65.20,None
65.30,None
65.40,None
65.50,None
65.60,None
65.70,None
65.80,None
65.90,None
66.00,None
66.10,None
66.20,None
66.30,None
66.40,None
66.50,None
66.60,None
66.70,None
66.80,None
66.90,None
67.00,None
67.10,None
67.20,None
67.30,None
67.40,None
67.50,None
67.60,None
67.70,None
67.80,None
67.90,None
68.00,None
68.10,None
68.20,None
68.30,None
68.40,None
68.50,None
68.60,None
68.70,None
68.80,None
68.90,None
69.00,None
69.10,None
69.20,None
69.30,None
69.40,None
69.50,None
69.60,None
69.70,None
69.80,None
69.90,None
70.00,1.4043986813156022,-0.03373779966334521,0.0025000000000000005,0.0,0.0,0.0025000000000000005
70.10,None
70.20,None
70.30,None
70.40,None
70.50,None
70.60,None
70.70,None
70.80,None
70.90,None
71.00,None
71.10,None
71.20,None
71.30,None
71.40,None
71.50,None
71.60,None
71.70,None
71.80,None
71.90,None
72.00,None
72.10,None
72.20,None
72.30,None
72.40,None
72.50,None
72.60,None
72.70,None
72.80,None
72.90,None
73.00,None
73.10,None
73.20,None
73.30,None
73.40,None
73.50,None
73.60,None
73.70,None
73.80,None
73.90,None
74.00,None
74.10,None
74.20,None
74.30,None
74.40,None
74.50,None
74.60,None
74.70,None
74.80,None
74.90,None
75.00,None
75.10,None
75.20,None
75.30,None
75.40,None
75.50,None
75.60,None
75.70,None
75.80,None
75.90,None
76.00,None
76.10,None
76.20,None
76.30,None
76.40,None
76.50,None
76.60,None
76.70,None
76.80,None
76.90,None
77.00,None
77.10,None
77.20,None
77.30,None
77.40,None
77.50,None
77.60,None
77.70,None
77.80,None
77.90,None
78.00,None
78.10,None
78.20,None
78.30,None
78.40,None
78.50,None
78.60,None
78.70,None
78.80,None
78.90,None
79.00,None
79.10,None
79.20,None
79.30,None
79.40,None
79.50,None
79.60,None
79.70,None
79.80,None
79.90,None
80.00,1.616297340967014,0.051960445171683495,0.0025000000000000005,0.0,0.0,0.0025000000000000005
80.10,None
80.20,None
80.30,None
80.40,None
80.50,None
80.60,None
80.70,None
80.80,None
80.90,None
81.00,None
81.10,None
81.20,None
81.30,None
81.40,None
81.50,None
81.60,None
81.70,None
81.80,None
81.90,None
82.00,None
82.10,None
82.20,None
82.30,None
82.40,None
82.50,None
82.60,None
82.70,None
82.80,None
82.90,None
83.00,None
83.10,None
83.20,None
83.30,None
83.40,None
83.50,None
83.60,None
83.70,None
83.80,None
83.90,None
84.00,None
84.10,None
84.20,None
84.30,None
84.40,None
84.50,None
84.60,None
84.70,None
84.80,None
84.90,None
85.00,None
85.10,None
85.20,None
85.30,None
85.40,None
85.50,None
85.60,None
85.70,None
85.80,None
85.90,None
86.00,None
86.10,None
86.20,None
86.30,None
86.40,None
86.50,None
86.60,None
86.70,None
86.80,None
86.90,None
87.00,None
87.10,None
87.20,None
87.30,None
87.40,None
87.50,None
87.60,None
87.70,None
87.80,None
87.90,None
88.00,None
88.10,None
88.20,None
88.30,None
88.40,None
88.50,None
88.60,None
88.70,None
88.80,None
88.90,None
89.00,None
89.10,None
89.20,None
89.30,None
89.40,None
89.50,None
89.60,None
89.70,None
89.80,None
89.90,None
90.00,1.8071295607465623,-0.022361454226202587,0.0025000000000000005,0.0,0.0,0.0025000000000000005
90.10,None
90.20,None
90.30,None
90.40,None
90.50,None
90.60,None
90.70,None
90.80,None
90.90,None
91.00,None
91.10,None
91.20,None
91.30,None
91.40,None
91.50,None
91.60,None
91.70,None
91.80,None
91.90,None
92.00,None
92.10,None
92.20,None
92.30,None
92.40,None
92.50,None
92.60,None
92.70,None
92.80,None
92.90,None
93.00,None
93.10,None
93.20,None
93.30,None
93.40,None
93.50,None
93.60,None
93.70,None
93.80,None
93.90,None
94.00,None
94.10,None
94.20,None
94.30,None
94.40,None
94.50,None
94.60,None
94.70,None
94.80,None
94.90,None
95.00,None
95.10,None
95.20,None
95.30,None
95.40,None
95.50,None
95.60,None
95.70,None
95.80,None
95.90,None
96.00,None
96.10,None
96.20,None
96.30,None
96.40,None
96.50,None
96.60,None
96.70,None
96.80,None
96.90,None
97.00,None
97.10,None
97.20,None
97.30,None
97.40,None
97.50,None
97.60,None
97.70,None
97.80,None
97.90,None
98.00,None
98.10,None
98.20,None
98.30,None
98.40,None
98.50,None
98.60,None
98.70,None
98.80,None
98.90,None
99.00,None
99.10,None
99.20,None
99.30,None
99.40,None
99.50,None
99.60,None
99.70,None
99.80,None
99.90,None
100.00,2.0338947817551687,-0.019381075718860576,0.0025000000000000005,0.0,0.0,0.0025000000000000005
100.10,None
100.20,None
100.30,None
100.40,None
100.50,None
100.60,None
100.70,None
100.80,None
100.90,None
101.00,None
101.10,None
101.20,None
101.30,None
101.40,None
101.50,None
101.60,None
101.70,None
101.80,None
101.90,None
102.00,None
102.10,None
102.20,None
102.30,None
102.40,None
102.50,None
102.60,None
102.70,None
102.80,None
102.90,None
103.00,None
103.10,None
103.20,None
103.30,None
103.40,None
103.50,None
103.60,None
103.70,None
103.80,None
103.90,None
104.00,None
104.10,None
104.20,None
104.30,None
104.40,None
104.50,None
104.60,None
104.70,None
104.80,None
104.90,None
105.00,None
105.10,None
105.20,None
105.30,None
105.40,None
105.50,None
105.60,None
105.70,None
105.80,None
105.90,None
106.00,None
106.10,None
106.20,None
106.30,None
106.40,None
106.50,None
106.60,None
106.70,None
106.80,None
106.90,None
107.00,None
107.10,None
107.20,None
107.30,None
107.40,None
107.50,None
107.60,None
107.70,None
107.80,None
107.90,None
108.00,None
108.10,None
108.20,None
108.30,None
108.40,None
108.50,None
108.60,None
108.70,None
108.80,None
108.90,None
109.00,None
109.10,None
109.20,None
109.30,None
109.40,None
109.50,None
109.60,None
109.70,None
109.80,None
109.90,None
110.00,2.1230708988696114,0.10494308949471334,0.0025000000000000005,0.0,0.0,0.0025000000000000005
110.10,None
110.20,None
110.30,None
110.40,None
110.50,None
110.60,None
110.70,None
110.80,None
110.90,None
111.00,None
111.10,None
111.20,None
111.30,None
111.40,None
111.50,None
111.60,None
111.70,None
111.80,None
111.90,None
112.00,None
112.10,None
112.20,None
112.30,None
112.40,None
112.50,None
112.60,None
112.70,None
112.80,None
112.90,None
113.00,None
113.10,None
113.20,None
113.30,None
113.40,None
113.50,None
113.60,None
113.70,None
113.80,None
113.90,None
114.00,None
114.10,None
114.20,None
114.30,None
114.40,None
114.50,None
114.60,None
114.70,None
114.80,None
114.90,None
115.00,None
115.10,None
115.20,None
115.30,None
115.40,None
115.50,None
115.60,None
115.70,None
115.80,None
115.90,None
116.00,None
116.10,None
116.20,None
116.30,None
116.40,None
116.50,None
116.60,None
116.70,None
116.80,None
116.90,None
117.00,None
117.10,None
117.20,None
117.30,None
117.40,None
117.50,None
117.60,None
117.70,None
117.80,None
117.90,None
118.00,None
118.10,None
118.20,None
118.30,None
118.40,None
118.50,None
118.60,None
118.70,None
118.80,None
118.90,None
119.00,None
119.10,None
119.20,None
119.30,None
119.40,None
119.50,None
119.60,None
119.70,None
119.80,None
119.90,None
120.00,2.4082127879899007,0.28114753869284004,0.0025000000000000005,0.0,0.0,0.0025000000000000005
120.10,None
120.20,None
120.30,None
120.40,None
120.50,None
120.60,None
120.70,None
120.80,None
120.90,None
121.00,None
121.10,None
121.20,None
121.30,None
121.40,None
121.50,None
121.60,None
121.70,None
121.80,None
121.90,None
122.00,None
122.10,None
122.20,None
122.30,None
122.40,None
122.50,None
122.60,None
122.70,None
122.80,None
122.90,None
123.00,None
123.10,None
123.20,None
123.30,None
123.40,None
123.50,None
123.60,None
123.70,None
123.80,None
123.90,None
124.00,None
124.10,None
124.20,None
124.30,None
124.40,None
124.50,None
124.60,None
124.70,None
124.80,None
124.90,None
125.00,None
125.10,None
125.20,None
125.30,None
125.40,None
125.50,None
125.60,None
125.70,None
125.80,None
125.90,None
126.00,None
126.10,None
126.20,None
126.30,None
126.40,None
126.50,None
126.60,None
126.70,None
126.80,None
126.90,None
127.00,None
127.10,None
127.20,None
127.30,None
127.40,None
127.50,None
127.60,None
127.70,None
127.80,None
127.90,None
128.00,None
128.10,None
128.20,None
128.30,None
128.40,None
128.50,None
128.60,None
128.70,None
128.80,None
128.90,None
129.00,None
129.10,None
129.20,None
129.30,None
129.40,None
129.50,None
129.60,None
129.70,None
129.80,None
129.90,None
130.00,2.247452939082002,0.4213796240122064,0.0025000000000000005,0.0,0.0,0.0025000000000000005
130.10,None
130.20,None
130.30,None
130.40,None
130.50,None
130.60,None
130.70,None
130.80,None
130.90,None
131.00,None
131.10,None
131.20,None
131.30,None
131.40,None
131.50,None
131.60,None
131.70,None
131.80,None
131.90,None
132.00,None
132.10,None
132.20,None
132.30,None
132.40,None
132.50,None
132.60,None
132.70,None
132.80,None
132.90,None
133.00,None
133.10,None
133.20,None
133.30,None
133.40,None
133.50,None
133.60,None
133.70,None
133.80,None
133.90,None
134.00,None
134.10,None
134.20,None
134.30,None
134.40,None
134.50,None
134.60,None
134.70,None
134.80,None
134.90,None
135.00,None
135.10,None
135.20,None
135.30,None
135.40,None
135.50,None
135.60,None
135.70,None
135.80,None
135.90,None
136.00,None
136.10,None
136.20,None
136.30,None
136.40,None
136.50,None
136.60,None
136.70,None
136.80,None
136.90,None
137.00,None
137.10,None
137.20,None
137.30,None
137.40,None
137.50,None
137.60,None
137.70,None
137.80,None
137.90,None
138.00,None
138.10,None
138.20,None
138.30,None
138.40,None
138.50,None
138.60,None
138.70,None
138.80,None
138.90,None
139.00,None
139.10,None
139.20,None
139.30,None
139.40,None
139.50,None
139.60,None
139.70,None
139.80,None
139.90,None
140.00,2.2154674916646804,0.6610477498402383,0.0025000000000000005,0.0,0.0,0.0025000000000000005
140.10,None
140.20,None
140.30,None
140.40,None
140.50,None
140.60,None
140.70,None
140.80,None
140.90,None
141.00,None
141.10,None
141.20,None
141.30,None
141.40,None
141.50,None
141.60,None
141.70,None
141.80,None
141.90,None
142.00,None
142.10,None
142.20,None
142.30,None
142.40,None
142.50,None
142.60,None
142.70,None
142.80,None
142.90,None
143.00,None
143.10,None
143.20,None
143.30,None
143.40,None
143.50,None
143.60,None
143.70,None
143.80,None
143.90,None
144.00,None
144.10,None
144.20,None
144.30,None
144.40,None
144.50,None
144.60,None
144.70,None
144.80,None
144.90,None
145.00,None
145.10,None
145.20,None
145.30,None
145.40,None
145.50,None
145.60,None
145.70,None
145.80,None
145.90,None
146.00,None
146.10,None
146.20,None
146.30,None
146.40,None
146.50,None
146.60,None
146.70,None
146.80,None
146.90,None
147.00,None
147.10,None
147.20,None
147.30,None
147.40,None
147.50,None
147.60,None
147.70,None
147.80,None
147.90,None
148.00,None
148.10,None
148.20,None
148.30,None
148.40,None
148.50,None
148.60,None
148.70,None
148.80,None
148.90,None
149.00,None
149.10,None
149.20,None
149.30,None
149.40,None
149.50,None
149.60,None
149.70,None
149.80,None
149.90,None
150.00,2.2197091535694553,0.7561521170552206,0.0025000000000000005,0.0,0.0,0.0025000000000000005
150.10,None
150.20,None
150.30,None
150.40,None
150.50,None
150.60,None
150.70,None
150.80,None
150.90,None
151.00,None
151.10,None
151.20,None
151.30,None
151.40,None
151.50,None
151.60,None
151.70,None
151.80,None
151.90,None
152.00,None
152.10,None
152.20,None
152.30,None
152.40,None
152.50,None
152.60,None
152.70,None
152.80,None
152.90,None
153.00,None
153.10,None
153.20,None
153.30,None
153.40,None
153.50,None
153.60,None
153.70,None
153.80,None
153.90,None
154.00,None
154.10,None
154.20,None
154.30,None
154.40,None
154.50,None
154.60,None
154.70,None
154.80,None
154.90,None
155.00,None
155.10,None
155.20,None
155.30,None
155.40,None
155.50,None
155.60,None
155.70,None
155.80,None
155.90,None
156.00,None
156.10,None
156.20,None
156.30,None
156.40,None
156.50,None
156.60,None
156.70,None
156.80,None
156.90,None
157.00,None
157.10,None
157.20,None
157.30,None
157.40,None
157.50,None
157.60,None
157.70,None
157.80,None
157.90,None
158.00,None
158.10,None
158.20,None
158.30,None
158.40,None
158.50,None
158.60,None
158.70,None
158.80,None
158.90,None
159.00,None
159.10,None
159.20,None
159.30,None
159.40,None
159.50,None
159.60,None
159.70,None
159.80,None
159.90,None
160.00,2.3568049028128466,1.0200211388996374,0.0025000000000000005,0.0,0.0,0.0025000000000000005
160.10,None
160.20,None
160.30,None
160.40,None
160.50,None
160.60,None
160.70,None
160.80,None
160.90,None
161.00,None
161.10,None
161.20,None
161.30,None
161.40,None
161.50,None
161.60,None
161.70,None
161.80,None
161.90,None
162.00,None
162.10,None
162.20,None
162.30,None
162.40,None
162.50,None
162.60,None
162.70,None
162.80,None
162.90,None
163.00,None
163.10,None
163.20,None
163.30,None
163.40,None
163.50,None
163.60,None
163.70,None
163.80,None
163.90,None
164.00,None
164.10,None
164.20,None
164.30,None
164.40,None
164.50,None
164.60,None
164.70,None
164.80,None
164.90,None
165.00,None
165.10,None
165.20,None
165.30,None
165.40,None
165.50,None
165.60,None
165.70,None
165.80,None
165.90,None
166.00,None
166.10,None
166.20,None
166.30,None
166.40,None
166.50,None
166.60,None
166.70,None
166.80,None
166.90,None
167.00,None
167.10,None
167.20,None
167.30,None
167.40,None
167.50,None
167.60,None
167.70,None
167.80,None
167.90,None
168.00,None
168.10,None
168.20,None
168.30,None
168.40,None
168.50,None
168.60,None
168.70,None
168.80,None
168.90,None
169.00,None
169.10,None
169.20,None
169.30,None
169.40,None
169.50,None
169.60,None
169.70,None
169.80,None
169.90,None
170.00,2.3191541966065126,1.2687489055988668,0.0025000000000000005,0.0,0.0,0.0025000000000000005
170.10,None
170.20,None
170.30,None
170.40,None
170.50,None
170.60,None
170.70,None
170.80,None
170.90,None
171.00,None
171.10,None
171.20,None
171.30,None
171.40,None
171.50,None
171.60,None
171.70,None
171.80,None
171.90,None
172.00,None
172.10,None
172.20,None
172.30,None
172.40,None
172.50,None
172.60,None
172.70,None
172.80,None
172.90,None
173.00,None
173.10,None
173.20,None
173.30,None
173.40,None
173.50,None
173.60,None
173.70,None
173.80,None
173.90,None
174.00,None
174.10,None
174.20,None
174.30,None
174.40,None
174.50,None
174.60,None
174.70,None
174.80,None
174.90,None
175.00,None
175.10,None
175.20,None
175.30,None
175.40,None
175.50,None
175.60,None
175.70,None
175.80,None
175.90,None
176.00,None
176.10,None
176.20,None
176.30,None
176.40,None
176.50,None
176.60,None
176.70,None
176.80,None
176.90,None
177.00,None
177.10,None
177.20,None
177.30,None
177.40,None
177.50,None
177.60,None
177.70,None
177.80,None
177.90,None
178.00,None
178.10,None
178.20,None
178.30,None
178.40,None
178.50,None
178.60,None
178.70,None
178.80,None
178.90,None
179.00,None
179.10,None
179.20,None
179.30,None
179.40,None
179.50,None
179.60,None
179.70,None
179.80,None
179.90,None
180.00,2.2094791944094845,1.3834855173589833,0.0025000000000000005,0.0,0.0,0.0025000000000000005
180.10,None
180.20,None
180.30,None
180.40,None
180.50,None
180.60,None
180.70,None
180.80,None
180.90,None
181.00,None
181.10,None
181.20,None
181.30,None
181.40,None
181.50,None
181.60,None
181.70,None
181.80,None
181.90,None
182.00,None
182.10,None
182.20,None
182.30,None
182.40,None
182.50,None
182.60,None
182.70,None
182.80,None
182.90,None
183.00,None
183.10,None
183.20,None
183.30,None
183.40,None
183.50,None
183.60,None
183.70,None
183.80,None
183.90,None
184.00,None
184.10,None
184.20,None
184.30,None
184.40,None
184.50,None
184.60,None
184.70,None
184.80,None
184.90,None
185.00,None
185.10,None
185.20,None
185.30,None
185.40,None
185.50,None
185.60,None
185.70,None
185.80,None
185.90,None
186.00,None
186.10,None
186.20,None
186.30,None
186.40,None
186.50,None
186.60,None
186.70,None
186.80,None
186.90,None
187.00,None
187.10,None
187.20,None
187.30,None
187.40,None
187.50,None
187.60,None
187.70,None
187.80,None
187.90,None
188.00,None
188.10,None
188.20,None
188.30,None
188.40,None
188.50,None
188.60,None
188.70,None
188.80,None
188.90,None
189.00,None
189.10,None
189.20,None
189.30,None
189.40,None
189.50,None
189.60,None
189.70,None
189.80,None
189.90,None
190.00,2.237538632604515,1.6394539247235391,0.0025000000000000005,0.0,0.0,0.0025000000000000005
190.10,None
190.20,None
190.30,None
190.40,None
190.50,None
190.60,None
190.70,None
190.80,None
190.90,None
191.00,None
191.10,None
191.20,None
191.30,None
191.40,None
191.50,None
191.60,None
191.70,None
191.80,None
191.90,None
192.00,None
192.10,None
192.20,None
192.30,None
192.40,None
192.50,None
192.60,None
192.70,None
192.80,None
192.90,None
193.00,None
193.10,None
193.20,None
193.30,None
193.40,None
193.50,None
193.60,None
193.70,None
193.80,None
193.90,None
194.00,None
194.10,None
194.20,None
194.30,None
194.40,None
194.50,None
194.60,None
194.70,None
194.80,None
194.90,None
195.00,None
195.10,None
195.20,None
195.30,None
195.40,None
195.50,None
195.60,None
195.70,None
195.80,None
195.90,None
196.00,None
196.10,None
196.20,None
196.30,None
196.40,None
196.50,None
196.60,None
196.70,None
196.80,None
196.90,None
197.00,None
197.10,None
197.20,None
197.30,None
197.40,None
197.50,None
197.60,None
197.70,None
197.80,None
197.90,None
198.00,None
198.10,None
198.20,None
198.30,None
198.40,None
198.50,None
198.60,None
198.70,None
198.80,None
198.90,None
199.00,None
199.10,None
199.20,None
199.30,None
199.40,None
199.50,None
199.60,None
199.70,None
199.80,None
199.90,None
200.00,2.2892397501056507,1.838761308656248,0.0025000000000000005,0.0,0.0,0.0025000000000000005
200.10,None
200.20,None
200.30,None
200.40,None
200.50,None
200.60,None
200.70,None
200.80,None
200.90,None
201.00,None
201.10,None
201.20,None
201.30,None
201.40,None
201.50,None
201.60,None
201.70,None
201.80,None
201.90,None
202.00,None
202.10,None
202.20,None
202.30,None
202.40,None
202.50,None
202.60,None
202.70,None
202.80,None
202.90,None
203.00,None
203.10,None
203.20,None
203.30,None
203.40,None
203.50,None
203.60,None
203.70,None
203.80,None
203.90,None
204.00,None
204.10,None
204.20,None
204.30,None
204.40,None
204.50,None
204.60,None
204.70,None
204.80,None
204.90,None
205.00,None
205.10,None
205.20,None
205.30,None
205.40,None
205.50,None
205.60,None
205.70,None
205.80,None
205.90,None
206.00,None
206.10,None
206.20,None
206.30,None
206.40,None
206.50,None
206.60,None
206.70,None
206.80,None
206.90,None
207.00,None
207.10,None
207.20,None
207.30,None
207.40,None
207.50,None
207.60,None
207.70,None
207.80,None
207.90,None
208.00,None
208.10,None
208.20,None
208.30,None
208.40,None
208.50,None
208.60,None
208.70,None
208.80,None
208.90,None
209.00,None
209.10,None
209.20,None
209.30,None
209.40,None
209.50,None
209.60,None
209.70,None
209.80,None
209.90,None
210.00,2.334933845352206,2.0742252520766025,0.0025000000000000005,0.0,0.0,0.0025000000000000005
210.10,None
210.20,None
210.30,None
210.40,None
210.50,None
210.60,None
210.70,None
210.80,None
210.90,None
211.00,None
211.10,None
211.20,None
211.30,None
211.40,None
211.50,None
211.60,None
211.70,None
211.80,None
211.90,None
212.00,None
212.10,None
212.20,None
212.30,None
212.40,None
212.50,None
212.60,None
212.70,None
212.80,None
212.90,None
213.00,None
213.10,None
213.20,None
213.30,None
213.40,None
213.50,None
213.60,None
213.70,None
213.80,None
213.90,None
214.00,None
214.10,None
214.20,None
214.30,None
214.40,None
214.50,None
214.60,None
214.70,None
214.80,None
214.90,None
215.00,None
215.10,None
215.20,None
215.30,None
215.40,None
215.50,None
215.60,None
215.70,None
215.80,None
215.90,None
216.00,None
216.10,None
216.20,None
216.30,None
216.40,None
216.50,None
216.60,None
216.70,None
216.80,None
216.90,None
217.00,None
217.10,None
217.20,None
217.30,None
217.40,None
217.50,None
217.60,None
217.70,None
217.80,None
217.90,None
218.00,None
218.10,None
218.20,None
218.30,None
218.40,None
218.50,None
218.60,None
218.70,None
218.80,None
218.90,None
219.00,None
219.10,None
219.20,None
219.30,None
219.40,None
219.50,None
219.60,None
219.70,None
219.80,None
219.90,None
220.00,2.2834166726703087,2.2740467249300638,0.0025000000000000005,0.0,0.0,0.0025000000000000005
220.10,None
220.20,None
220.30,None
220.40,None
220.50,None
220.60,None
220.70,None
220.80,None
220.90,None
221.00,None
221.10,None
221.20,None
221.30,None
221.40,None
221.50,None
221.60,None
221.70,None
221.80,None
221.90,None
222.00,None
222.10,None
222.20,None
222.30,None
222.40,None
222.50,None
222.60,None
222.70,None
222.80,None
222.90,None
223.00,None
223.10,None
223.20,None
223.30,None
223.40,None
223.50,None
223.60,None
223.70,None
223.80,None
223.90,None
224.00,None
224.10,None
224.20,None
224.30,None
224.40,None
224.50,None
224.60,None
224.70,None
224.80,None
224.90,None
225.00,None
225.10,None
225.20,None
225.30,None
225.40,None
225.50,None
225.60,None
225.70,None
225.80,None
225.90,None
226.00,None
226.10,None
226.20,None
226.30,None
226.40,None
226.50,None
226.60,None
226.70,None
226.80,None
226.90,None
227.00,None
227.10,None
227.20,None
227.30,None
227.40,None
227.50,None
227.60,None
227.70,None
227.80,None
227.90,None
228.00,None
228.10,None
228.20,None
228.30,None
228.40,None
228.50,None
228.60,None
228.70,None
228.80,None
228.90,None
229.00,None
229.10,None
229.20,None
229.30,None
229.40,None
229.50,None
229.60,None
229.70,None
229.80,None
229.90,None
230.00,2.2306940767713868,2.452945410487776,0.0025000000000000005,0.0,0.0,0.0025000000000000005
230.10,None
230.20,None
230.30,None
230.40,None
230.50,None
230.60,None
230.70,None
230.80,None
230.90,None
231.00,None
231.10,None
231.20,None
231.30,None
231.40,None
231.50,None
231.60,None
231.70,None
231.80,None
231.90,None
232.00,None
232.10,None
232.20,None
232.30,None
232.40,None
232.50,None
232.60,None
232.70,None
232.80,None
232.90,None
233.00,None
233.10,None
233.20,None
233.30,None
233.40,None
233.50,None
233.60,None
233.70,None
233.80,None
233.90,None
234.00,None
234.10,None
234.20,None
234.30,None
234.40,None
234.50,None
234.60,None
234.70,None
234.80,None
234.90,None
235.00,None
235.10,None
235.20,None
235.30,None
235.40,None
235.50,None
235.60,None
235.70,None
235.80,None
235.90,None
236.00,None
236.10,None
236.20,None
236.30,None
236.40,None
236.50,None
236.60,None
236.70,None
236.80,None
236.90,None
237.00,None
237.10,None
237.20,None
237.30,None
237.40,None
237.50,None
237.60,None
237.70,None
237.80,None
237.90,None
238.00,None
238.10,None
238.20,None
238.30,None
238.40,None
238.50,None
238.60,None
238.70,None
238.80,None
238.90,None
239.00,None
239.10,None
239.20,None
239.30,None
239.40,None
239.50,None
239.60,None
239.70,None
239.80,None
239.90,None
240.00,2.0059203613947068,2.521767234313846,0.0025000000000000005,0.0,0.0,0.0025000000000000005
240.10,None
240.20,None
240.30,None
240.40,None
240.50,None
240.60,None
240.70,None
240.80,None
240.90,None
241.00,None
241.10,None
241.20,None
241.30,None
241.40,None
241.50,None
241.60,None
241.70,None
241.80,None
241.90,None
242.00,None
242.10,None
242.20,None
242.30,None
242.40,None
242.50,None
242.60,None
242.70,None
242.80,None
242.90,None
243.00,None
243.10,None
243.20,None
243.30,None
243.40,None
243.50,None
243.60,None
243.70,None
243.80,None
243.90,None
244.00,None
244.10,None
244.20,None
244.30,None
244.40,None
244.50,None
244.60,None
244.70,None
244.80,None
244.90,None
245.00,None
245.10,None
245.20,None
245.30,None
245.40,None
245.50,None
245.60,None
245.70,None
245.80,None
245.90,None
246.00,None
246.10,None
246.20,None
246.30,None
246.40,None
246.50,None
246.60,None
246.70,None
246.80,None
246.90,None
247.00,None
247.10,None
247.20,None
247.30,None
247.40,None
247.50,None
247.60,None
247.70,None
247.80,None
247.90,None
248.00,None
248.10,None
248.20,None
248.30,None
248.40,None
248.50,None
248.60,None
248.70,None
248.80,None
248.90,None
249.00,None
249.10,None
249.20,None
249.30,None
249.40,None
249.50,None
249.60,None
249.70,None
249.80,None
249.90,None
250.00,1.7897287096771548,2.5131787274937367,0.0025000000000000005,0.0,0.0,0.0025000000000000005
250.10,None
250.20,None
250.30,None
250.40,None
250.50,None
250.60,None
250.70,None
250.80,None
250.90,None
251.00,None
251.10,None
251.20,None
251.30,None
251.40,None
251.50,None
251.60,None
251.70,None
251.80,None
251.90,None
252.00,None
252.10,None
252.20,None
252.30,None
252.40,None
252.50,None
252.60,None
252.70,None
252.80,None
252.90,None
253.00,None
253.10,None
253.20,None
253.30,None
253.40,None
253.50,None
253.60,None
253.70,None
253.80,None
253.90,None
254.00,None
254.10,None
254.20,None
254.30,None
254.40,None
254.50,None
254.60,None
254.70,None
254.80,None
254.90,None
255.00,None
255.10,None
255.20,None
255.30,None
255.40,None
255.50,None
255.60,None
255.70,None
255.80,None
255.90,None
256.00,None
256.10,None
256.20,None
256.30,None
256.40,None
256.50,None
256.60,None
256.70,None
256.80,None
256.90,None
257.00,None
257.10,None
257.20,None
257.30,None
257.40,None
257.50,None
257.60,None
257.70,None
257.80,None
257.90,None
258.00,None
258.10,None
258.20,None
258.30,None
258.40,None
258.50,None
258.60,None
258.70,None
258.80,None
258.90,None
259.00,None
259.10,None
259.20,None
259.30,None
259.40,None
259.50,None
259.60,None
259.70,None
259.80,None
259.90,None
260.00,1.6117399176785656,2.6015779218884454,0.0025000000000000005,0.0,0.0,0.0025000000000000005
260.10,None
260.20,None
260.30,None
260.40,None
260.50,None
260.60,None
260.70,None
260.80,None
260.90,None
261.00,None
261.10,None
261.20,None
261.30,None
261.40,None
261.50,None
261.60,None
261.70,None
261.80,None
261.90,None
262.00,None
262.10,None
262.20,None
262.30,None
262.40,None
262.50,None
262.60,None
262.70,None
262.80,None
262.90,None
263.00,None
263.10,None
263.20,None
263.30,None
263.40,None
263.50,None
263.60,None
263.70,None
263.80,None
263.90,None
264.00,None
264.10,None
264.20,None
264.30,None
264.40,None
264.50,None
264.60,None
264.70,None
264.80,None
264.90,None
265.00,None
265.10,None
265.20,None
265.30,None
265.40,None
265.50,None
265.60,None
265.70,None
265.80,None
265.90,None
266.00,None
266.10,None
266.20,None
266.30,None
266.40,None
266.50,None
266.60,None
266.70,None
266.80,None
266.90,None
267.00,None
267.10,None
267.20,None
267.30,None
267.40,None
267.50,None
267.60,None
267.70,None
267.80,None
267.90,None
268.00,None
268.10,None
268.20,None
268.30,None
268.40,None
268.50,None
268.60,None
268.70,None
268.80,None
268.90,None
269.00,None
269.10,None
269.20,None
269.30,None
269.40,None
269.50,None
269.60,None
269.70,None
269.80,None
269.90,None
270.00,1.3647000329795207,2.5037397060702378,0.0025000000000000005,0.0,0.0,0.0025000000000000005
270.10,None
270.20,None
270.30,None
270.40,None
270.50,None
270.60,None
270.70,None
270.80,None
270.90,None
271.00,None
271.10,None
271.20,None
271.30,None
271.40,None
271.50,None
271.60,None
271.70,None
271.80,None
271.90,None
272.00,None
272.10,None
272.20,None
272.30,None
272.40,None
272.50,None
272.60,None
272.70,None
272.80,None
272.90,None
273.00,None
273.10,None
273.20,None
273.30,None
273.40,None
273.50,None
273.60,None
273.70,None
273.80,None
273.90,None
274.00,None
274.10,None
274.20,None
274.30,None
274.40,None
274.50,None
274.60,None
274.70,None
274.80,None
274.90,None
275.00,None
275.10,None
275.20,None
275.30,None
275.40,None
275.50,None
275.60,None
275.70,None
275.80,None
275.90,None
276.00,None
276.10,None
276.20,None
276.30,None
276.40,None
276.50,None
276.60,None
276.70,None
276.80,None
276.90,None
277.00,None
277.10,None
277.20,None
277.30,None
277.40,None
277.50,None
277.60,None
277.70,None
277.80,None
277.90,None
278.00,None
278.10,None
278.20,None
278.30,None
278.40,None
278.50,None
278.60,None
278.70,None
278.80,None
278.90,None
279.00,None
279.10,None
279.20,None
279.30,None
279.40,None
279.50,None
279.60,None
279.70,None
279.80,None
279.90,None
280.00,1.1539584098188111,2.4272488322388703,0.0025000000000000005,0.0,0.0,0.0025000000000000005
280.10,None
280.20,None
280.30,None
280.40,None
280.50,None
280.60,None
280.70,None
280.80,None
280.90,None
281.00,None
281.10,None
281.20,None
281.30,None
281.40,None
281.50,None
281.60,None
281.70,None
281.80,None
281.90,None
282.00,None
282.10,None
282.20,None
282.30,None
282.40,None
282.50,None
282.60,None
282.70,None
282.80,None
282.90,None
283.00,None
283.10,None
283.20,None
283.30,None
283.40,None
283.50,None
283.60,None
283.70,None
283.80,None
283.90,None
284.00,None
284.10,None
284.20,None
284.30,None
284.40,None
284.50,None
284.60,None
284.70,None
284.80,None
284.90,None
285.00,None
285.10,None
285.20,None
285.30,None
285.40,None
285.50,None
285.60,None
285.70,None
285.80,None
285.90,None
286.00,None
286.10,None
286.20,None
286.30,None
286.40,None
286.50,None
286.60,None
286.70,None
286.80,None
286.90,None
287.00,None
287.10,None
287.20,None
287.30,None
287.40,None
287.50,None
287.60,None
287.70,None
287.80,None
287.90,None
288.00,None
288.10,None
288.20,None
288.30,None
288.40,None
288.50,None
288.60,None
288.70,None
288.80,None
288.90,None
289.00,None
289.10,None
289.20,None
289.30,None
289.40,None
289.50,None
289.60,None
289.70,None
289.80,None
289.90,None
290.00,0.9578008165018863,2.550936097647915,0.0025000000000000005,0.0,0.0,0.0025000000000000005
290.10,None
290.20,None
290.30,None
290.40,None
290.50,None
290.60,None
290.70,None
290.80,None
290.90,None
291.00,None
291.10,None
291.20,None
291.30,None
291.40,None
291.50,None
291.60,None
291.70,None
291.80,None
291.90,None
292.00,None
292.10,None
292.20,None
292.30,None
292.40,None
292.50,None
292.60,None
292.70,None
292.80,None
292.90,None
293.00,None
293.10,None
293.20,None
293.30,None
293.40,None
293.50,None
293.60,None
293.70,None
293.80,None
293.90,None
294.00,None
294.10,None
294.20,None
294.30,None
294.40,None
294.50,None
294.60,None
294.70,None
294.80,None
294.90,None
295.00,None
295.10,None
295.20,None
295.30,None
295.40,None
295.50,None
295.60,None
295.70,None
295.80,None
295.90,None
296.00,None
296.10,None
296.20,None
296.30,None
296.40,None
296.50,None
296.60,None
296.70,None
296.80,None
296.90,None
297.00,None
297.10,None
297.20,None
297.30,None
297.40,None
297.50,None
297.60,None
297.70,None
297.80,None
297.90,None
298.00,None
298.10,None
298.20,None
298.30,None
298.40,None
298.50,None
298.60,None
298.70,None
298.80,None
298.90,None
299.00,None
299.10,None
299.20,None
299.30,None
299.40,None
299.50,None
299.60,None
299.70,None
299.80,None
299.90,None
300.00,0.7741046266499149,2.4611397076931425,0.0025000000000000005,0.0,0.0,0.0025000000000000005
300.10,None
300.20,None
300.30,None
300.40,None
300.50,None
300.60,None
300.70,None
300.80,None
300.90,None
301.00,None
301.10,None
301.20,None
301.30,None
301.40,None
301.50,None
301.60,None
301.70,None
301.80,None
301.90,None
302.00,None
302.10,None
302.20,None
302.30,None
302.40,None
302.50,None
302.60,None
302.70,None
302.80,None
302.90,None
303.00,None
303.10,None
303.20,None
303.30,None
303.40,None
303.50,None
303.60,None
303.70,None
303.80,None
303.90,None
304.00,None
304.10,None
304.20,None
304.30,None
304.40,None
304.50,None
304.60,None
304.70,None
304.80,None
304.90,None
305.00,None
305.10,None
305.20,None
305.30,None
305.40,None
305.50,None
305.60,None
305.70,None
305.80,None
305.90,None
306.00,None
306.10,None
306.20,None
306.30,None
306.40,None
306.50,None
306.60,None
306.70,None
306.80,None
306.90,None
307.00,None
307.10,None
307.20,None
307.30,None
307.40,None
307.50,None
307.60,None
307.70,None
307.80,None
307.90,None
308.00,None
308.10,None
308.20,None
308.30,None
308.40,None
308.50,None
308.60,None
308.70,None
308.80,None
308.90,None
309.00,None
309.10,None
309.20,None
309.30,None
309.40,None
309.50,None
309.60,None
309.70,None
309.80,None
309.90,None
310.00,0.5309021322114487,2.527442104901127,0.0025000000000000005,0.0,0.0,0.0025000000000000005
310.10,None
310.20,None
310.30,None
310.40,None
310.50,None
310.60,None
310.70,None
310.80,None
310.90,None
311.00,None
311.10,None
311.20,None
311.30,None
311.40,None
311.50,None
311.60,None
311.70,None
311.80,None
311.90,None
312.00,None
312.10,None
312.20,None
312.30,None
312.40,None
312.50,None
312.60,None
312.70,None
312.80,None
312.90,None
313.00,None
313.10,None
313.20,None
313.30,None
313.40,None
313.50,None
313.60,None
313.70,None
313.80,None
313.90,None
314.00,None
314.10,None
314.20,None
314.30,None
314.40,None
314.50,None
314.60,None
314.70,None
314.80,None
314.90,None
315.00,None
315.10,None
315.20,None
315.30,None
315.40,None
315.50,None
315.60,None
315.70,None
315.80,None
315.90,None
316.00,None
316.10,None
316.20,None
316.30,None
316.40,None
316.50,None
316.60,None
316.70,None
316.80,None
316.90,None
317.00,None
317.10,None
317.20,None
317.30,None
317.40,None
317.50,None
317.60,None
317.70,None
317.80,None
317.90,None
318.00,None
318.10,None
318.20,None
318.30,None
318.40,None
318.50,None
318.60,None
318.70,None
318.80,None
318.90,None
319.00,None
319.10,None
319.20,None
319.30,None
319.40,None
319.50,None
319.60,None
319.70,None
319.80,None
319.90,None
320.00,0.33424071533681154,2.5775896790973634,0.0025000000000000005,0.0,0.0,0.0025000000000000005
320.10,None
320.20,None
320.30,None
320.40,None
320.50,None
320.60,None
320.70,None
320.80,None
320.90,None
321.00,None
321.10,None
321.20,None
321.30,None
321.40,None
321.50,None
321.60,None
321.70,None
321.80,None
321.90,None
322.00,None
322.10,None
322.20,None
322.30,None
322.40,None
322.50,None
322.60,None
322.70,None
322.80,None
322.90,None
323.00,None
323.10,None
323.20,None
323.30,None
323.40,None
323.50,None
323.60,None
323.70,None
323.80,None
323.90,None
324.00,None
324.10,None
324.20,None
324.30,None
324.40,None
324.50,None
324.60,None
324.70,None
324.80,None
324.90,None
325.00,None
325.10,None
325.20,None
325.30,None
325.40,None
325.50,None
325.60,None
325.70,None
325.80,None
325.90,None
326.00,None
326.10,None
326.20,None
326.30,None
326.40,None
326.50,None
326.60,None
326.70,None
326.80,None
326.90,None
327.00,None
327.10,None
327.20,None
327.30,None
327.40,None
327.50,None
327.60,None
327.70,None
327.80,None
327.90,None
328.00,None
328.10,None
328.20,None
328.30,None
328.40,None
328.50,None
328.60,None
328.70,None
328.80,None
328.90,None
329.00,None
329.10,None
329.20,None
329.30,None
329.40,None
329.50,None
329.60,None
329.70,None
329.80,None
329.90,None
330.00,0.2488159512497521,2.4682084016272987,0.0025000000000000005,0.0,0.0,0.0025000000000000005
330.10,None
330.20,None
330.30,None
330.40,None
330.50,None
330.60,None
330.70,None
330.80,None
330.90,None
331.00,None
331.10,None
331.20,None
331.30,None
331.40,None
331.50,None
331.60,None
331.70,None
331.80,None
331.90,None
332.00,None
332.10,None
332.20,None
332.30,None
332.40,None
332.50,None
332.60,None
332.70,None
332.80,None
332.90,None
333.00,None
333.10,None
333.20,None
333.30,None
333.40,None
333.50,None
333.60,None
333.70,None
333.80,None
333.90,None
334.00,None
334.10,None
334.20,None
334.30,None
334.40,None
334.50,None
334.60,None
334.70,None
334.80,None
334.90,None
335.00,None
335.10,None
335.20,None
335.30,None
335.40,None
335.50,None
335.60,None
335.70,None
335.80,None
335.90,None
336.00,None
336.10,None
336.20,None
336.30,None
336.40,None
336.50,None
336.60,None
336.70,None
336.80,None
336.90,None
337.00,None
337.10,None
337.20,None
337.30,None
337.40,None
337.50,None
337.60,None
337.70,None
337.80,None
337.90,None
338.00,None
338.10,None
338.20,None
338.30,None
338.40,None
338.50,None
338.60,None
338.70,None
338.80,None
338.90,None
339.00,None
339.10,None
339.20,None
339.30,None
339.40,None
339.50,None
339.60,None
339.70,None
339.80,None
339.90,None
340.00,-0.020796424409118205,2.5134866629709696,0.0025000000000000005,0.0,0.0,0.0025000000000000005
340.10,None
340.20,None
340.30,None
340.40,None
340.50,None
340.60,None
340.70,None
340.80,None
340.90,None
341.00,None
341.10,None
341.20,None
341.30,None
341.40,None
341.50,None
341.60,None
341.70,None
341.80,None
341.90,None
342.00,None
342.10,None
342.20,None
342.30,None
342.40,None
342.50,None
342.60,None
342.70,None
342.80,None
342.90,None
343.00,None
343.10,None
343.20,None
343.30,None
343.40,None
343.50,None
343.60,None
343.70,None
343.80,None
343.90,None
344.00,None
344.10,None
344.20,None
344.30,None
344.40,None
344.50,None
344.60,None
344.70,None
344.80,None
344.90,None
345.00,None
345.10,None
345.20,None
345.30,None
345.40,None
345.50,None
345.60,None
345.70,None
345.80,None
345.90,None
346.00,None
346.10,None
346.20,None
346.30,None
346.40,None
346.50,None
346.60,None
346.70,None
346.80,None
346.90,None
347.00,None
347.10,None
347.20,None
347.30,None
347.40,None
347.50,None
347.60,None
347.70,None
347.80,None
347.90,None
348.00,None
348.10,None
348.20,None
348.30,None
348.40,None
348.50,None
348.60,None
348.70,None
348.80,None
348.90,None
349.00,None
349.10,None
349.20,None
349.30,None
349.40,None
349.50,None
349.60,None
349.70,None
349.80,None
349.90,None
350.00,-0.127086230181597,2.4268341861708365,0.0025000000000000005,0.0,0.0,0.0025000000000000005
350.10,None
350.20,None
350.30,None
350.40,None
350.50,None
350.60,None
350.70,None
350.80,None
350.90,None
351.00,None
351.10,None
351.20,None
351.30,None
351.40,None
351.50,None
351.60,None
351.70,None
351.80,None
351.90,None
352.00,None
352.10,None
352.20,None
352.30,None
352.40,None
352.50,None
352.60,None
352.70,None
352.80,None
352.90,None
353.00,None
353.10,None
353.20,None
353.30,None
353.40,None
353.50,None
353.60,None
353.70,None
353.80,None
353.90,None
354.00,None
354.10,None
354.20,None
354.30,None
354.40,None
354.50,None
354.60,None
354.70,None
354.80,None
354.90,None
355.00,None
355.10,None
355.20,None
355.30,None
355.40,None
355.50,None
355.60,None
355.70,None
355.80,None
355.90,None
356.00,None
356.10,None
356.20,None
356.30,None
356.40,None
356.50,None
356.60,None
356.70,None
356.80,None
356.90,None
357.00,None
357.10,None
357.20,None
357.30,None
357.40,None
357.50,None
357.60,None
357.70,None
357.80,None
357.90,None
358.00,None
358.10,None
358.20,None
358.30,None
358.40,None
358.50,None
358.60,None
358.70,None
358.80,None
358.90,None
359.00,None
359.10,None
359.20,None
359.30,None
359.40,None
359.50,None
359.60,None
359.70,None
359.80,None
359.90,None
360.00,-0.3293114779912072,2.234147215343739,0.0025000000000000005,0.0,0.0,0.0025000000000000005
360.10,None
360.20,None
360.30,None
360.40,None
360.50,None
360.60,None
360.70,None
360.80,None
360.90,None
361.00,None
361.10,None
361.20,None
361.30,None
361.40,None
361.50,None
361.60,None
361.70,None
361.80,None
361.90,None
362.00,None
362.10,None
362.20,None
362.30,None
362.40,None
362.50,None
362.60,None
362.70,None
362.80,None
362.90,None
363.00,None
363.10,None
363.20,None
363.30,None
363.40,None
363.50,None
363.60,None
363.70,None
363.80,None
363.90,None
364.00,None
364.10,None
364.20,None
364.30,None
364.40,None
364.50,None
364.60,None
364.70,None
364.80,None
364.90,None
365.00,None
365.10,None
365.20,None
365.30,None
365.40,None
365.50,None
365.60,None
365.70,None
365.80,None
365.90,None
366.00,None
366.10,None
366.20,None
366.30,None
366.40,None
366.50,None
366.60,None
366.70,None
366.80,None
366.90,None
367.00,None
367.10,None
367.20,None
367.30,None
367.40,None
367.50,None
367.60,None
367.70,None
367.80,None
367.90,None
368.00,None
368.10,None
368.20,None
368.30,None
368.40,None
368.50,None
368.60,None
368.70,None
368.80,None
368.90,None
369.00,None
369.10,None
369.20,None
369.30,None
369.40,None
369.50,None
369.60,None
369.70,None
369.80,None
369.90,None
370.00,-0.33820782466740995,2.0372872524952252,0.0025000000000000005,0.0,0.0,0.0025000000000000005
370.10,None
370.20,None
370.30,None
370.40,None
370.50,None
370.60,None
370.70,None
370.80,None
370.90,None
371.00,None
371.10,None
371.20,None
371.30,None
371.40,None
371.50,None
371.60,None
371.70,None
371.80,None
371.90,None
372.00,None
372.10,None
372.20,None
372.30,None
372.40,None
372.50,None
372.60,None
372.70,None
372.80,None
372.90,None
373.00,None
373.10,None
373.20,None
373.30,None
373.40,None
373.50,None
373.60,None
373.70,None
373.80,None
373.90,None
374.00,None
374.10,None
374.20,None
374.30,None
374.40,None
374.50,None
374.60,None
374.70,None
374.80,None
374.90,None
375.00,None
375.10,None
375.20,None
375.30,None
375.40,None
375.50,None
375.60,None
375.70,None
375.80,None
375.90,None
376.00,None
376.10,None
376.20,None
376.30,None
376.40,None
376.50,None
376.60,None
376.70,None
376.80,None
376.90,None
377.00,None
377.10,None
377.20,None
377.30,None
377.40,None
377.50,None
377.60,None
377.70,None
377.80,None
377.90,None
378.00,None
378.10,None
378.20,None
378.30,None
378.40,None
378.50,None
378.60,None
378.70,None
378.80,None
378.90,None
379.00,None
379.10,None
379.20,None
379.30,None
379.40,None
379.50,None
379.60,None
379.70,None
379.80,None
379.90,None
380.00,-0.3210022479142046,1.9600199220316368,0.0025000000000000005,0.0,0.0,0.0025000000000000005
380.10,None
380.20,None
380.30,None
380.40,None
380.50,None
380.60,None
380.70,None
380.80,None
380.90,None
381.00,None
381.10,None
381.20,None
381.30,None
381.40,None
381.50,None
381.60,None
381.70,None
381.80,None
381.90,None
382.00,None
382.10,None
382.20,None
382.30,None
382.40,None
382.50,None
382.60,None
382.70,None
382.80,None
382.90,None
383.00,None
383.10,None
383.20,None
383.30,None
383.40,None
383.50,None
383.60,None
383.70,None
383.80,None
383.90,None
384.00,None
384.10,None
384.20,None
384.30,None
384.40,None
384.50,None
384.60,None
384.70,None
384.80,None
384.90,None
385.00,None
385.10,None
385.20,None
385.30,None
385.40,None
385.50,None
385.60,None
385.70,None
385.80,None
385.90,None
386.00,None
386.10,None
386.20,None
386.30,None
386.40,None
386.50,None
386.60,None
386.70,None
386.80,None
386.90,None
387.00,None
387.10,None
387.20,None
387.30,None
387.40,None
387.50,None
387.60,None
387.70,None
387.80,None
387.90,None
388.00,None
388.10,None
388.20,None
388.30,None
388.40,None
388.50,None
388.60,None
388.70,None
388.80,None
388.90,None
389.00,None
389.10,None
389.20,None
389.30,None
389.40,None
389.50,None
389.60,None
389.70,None
389.80,None
389.90,None
390.00,-0.20908049724208624,1.5957073758774387,0.0025000000000000005,0.0,0.0,0.0025000000000000005
390.10,None
390.20,None
390.30,None
390.40,None
390.50,None
390.60,None
390.70,None
390.80,None
390.90,None
391.00,None
391.10,None
391.20,None
391.30,None
391.40,None
391.50,None
391.60,None
391.70,None
391.80,None
391.90,None
392.00,None
392.10,None
392.20,None
392.30,None
392.40,None
392.50,None
392.60,None
392.70,None
392.80,None
392.90,None
393.00,None
393.10,None
393.20,None
393.30,None
393.40,None
393.50,None
393.60,None
393.70,None
393.80,None
393.90,None
394.00,None
394.10,None
394.20,None
394.30,None
394.40,None
394.50,None
394.60,None
394.70,None
394.80,None
394.90,None
395.00,None
395.10,None
395.20,None
395.30,None
395.40,None
395.50,None
395.60,None
395.70,None
395.80,None
395.90,None
396.00,None
396.10,None
396.20,None
396.30,None
396.40,None
396.50,None
396.60,None
396.70,None
396.80,None
396.90,None
397.00,None
397.10,None
397.20,None
397.30,None
397.40,None
397.50,None
397.60,None
397.70,None
397.80,None
397.90,None
398.00,None
398.10,None
398.20,None
398.30,None
398.40,None
398.50,None
398.60,None
398.70,None
398.80,None
398.90,None
399.00,None
399.10,None
399.20,None
399.30,None
399.40,None
399.50,None
399.60,None
399.70,None
399.80,None
399.90,None
400.00,-0.24045548510942666,1.4215903952817124,0.0025000000000000005,0.0,0.0,0.0025000000000000005
400.10,None
400.20,None
400.30,None
400.40,None
400.50,None
400.60,None
400.70,None
400.80,None
400.90,None
401.00,None
401.10,None
401.20,None
401.30,None
401.40,None
401.50,None
401.60,None
401.70,None
401.80,None
401.90,None
402.00,None
402.10,None
402.20,None
402.30,None
402.40,None
402.50,None
402.60,None
402.70,None
402.80,None
402.90,None
403.00,None
403.10,None
403.20,None
403.30,None
403.40,None
403.50,None
403.60,None
403.70,None
403.80,None
403.90,None
404.00,None
404.10,None
404.20,None
404.30,None
404.40,None
404.50,None
404.60,None
404.70,None
404.80,None
404.90,None
405.00,None
405.10,None
405.20,None
405.30,None
405.40,None
405.50,None
405.60,None
405.70,None
405.80,None
405.90,None
406.00,None
406.10,None
406.20,None
406.30,None
406.40,None
406.50,None
406.60,None
406.70,None
406.80,None
406.90,None
407.00,None
407.10,None
407.20,None
407.30,None
407.40,None
407.50,None
407.60,None
407.70,None
407.80,None
407.90,None
408.00,None
408.10,None
408.20,None
408.30,None
408.40,None
408.50,None
408.60,None
408.70,None
408.80,None
408.90,None
409.00,None
409.10,None
409.20,None
409.30,None
409.40,None
409.50,None
409.60,None
409.70,None
409.80,None
409.90,None
410.00,-0.28817629650802523,1.2186984064996929,0.0025000000000000005,0.0,0.0,0.0025000000000000005
410.10,None
410.20,None
410.30,None
410.40,None
410.50,None
410.60,None
410.70,None
410.80,None
410.90,None
411.00,None
411.10,None
411.20,None
411.30,None
411.40,None
411.50,None
411.60,None
411.70,None
411.80,None
411.90,None
412.00,None
412.10,None
412.20,None
412.30,None
412.40,None
412.50,None
412.60,None
412.70,None
412.80,None
412.90,None
413.00,None
413.10,None
413.20,None
413.30,None
413.40,None
413.50,None
413.60,None
413.70,None
413.80,None
413.90,None
414.00,None
414.10,None
414.20,None
414.30,None
414.40,None
414.50,None
414.60,None
414.70,None
414.80,None
414.90,None
415.00,None
415.10,None
415.20,None
415.30,None
415.40,None
415.50,None
415.60,None
415.70,None
415.80,None
415.90,None
416.00,None
416.10,None
416.20,None
416.30,None
416.40,None
416.50,None
416.60,None
416.70,None
416.80,None
416.90,None
417.00,None
417.10,None
417.20,None
417.30,None
417.40,None
417.50,None
417.60,None
417.70,None
417.80,None
417.90,None
418.00,None
418.10,None
418.20,None
418.30,None
418.40,None
418.50,None
418.60,None
418.70,None
418.80,None
418.90,None
419.00,None
419.10,None
419.20,None
419.30,None
419.40,None
419.50,None
419.60,None
419.70,None
419.80,None
419.90,None
420.00,-0.25599429284719827,1.0870563945523402,0.0025000000000000005,0.0,0.0,0.0025000000000000005
420.10,None
420.20,None
420.30,None
420.40,None
420.50,None
420.60,None
420.70,None
420.80,None
420.90,None
421.00,None
421.10,None
421.20,None
421.30,None
421.40,None
421.50,None
421.60,None
421.70,None
421.80,None
421.90,None
422.00,None
422.10,None
422.20,None
422.30,None
422.40,None
422.50,None
422.60,None
422.70,None
422.80,None
422.90,None
423.00,None
423.10,None
423.20,None
423.30,None
423.40,None
423.50,None
423.60,None
423.70,None
423.80,None
423.90,None
424.00,None
424.10,None
424.20,None
424.30,None
424.40,None
424.50,None
424.60,None
424.70,None
424.80,None
424.90,None
425.00,None
425.10,None
425.20,None
425.30,None
425.40,None
425.50,None
425.60,None
425.70,None
425.80,None
425.90,None
426.00,None
426.10,None
426.20,None
426.30,None
426.40,None
426.50,None
426.60,None
426.70,None
426.80,None
426.90,None
427.00,None
427.10,None
427.20,None
427.30,None
427.40,None
427.50,None
427.60,None
427.70,None
427.80,None
427.90,None
428.00,None
428.10,None
428.20,None
428.30,None
428.40,None
428.50,None
428.60,None
428.70,None
428.80,None
428.90,None
429.00,None
429.10,None
429.20,None
429.30,None
429.40,None
429.50,None
429.60,None
429.70,None
429.80,None
429.90,None
430.00,-0.2084729947048129,0.8906446591841707,0.0025000000000000005,0.0,0.0,0.0025000000000000005
430.10,None
430.20,None
430.30,None
430.40,None
430.50,None
430.60,None
430.70,None
430.80,None
430.90,None
431.00,None
431.10,None
431.20,None
431.30,None
431.40,None
431.50,None
431.60,None
431.70,None
431.80,None
431.90,None
432.00,None
432.10,None
432.20,None
432.30,None
432.40,None
432.50,None
432.60,None
432.70,None
432.80,None
432.90,None
433.00,None
433.10,None
433.20,None
433.30,None
433.40,None
433.50,None
433.60,None
433.70,None
433.80,None
433.90,None
434.00,None
434.10,None
434.20,None
434.30,None
434.40,None
434.50,None
434.60,None
434.70,None
434.80,None
434.90,None
435.00,None
435.10,None
435.20,None
435.30,None
435.40,None
435.50,None
435.60,None
435.70,None
435.80,None
435.90,None
436.00,None
436.10,None
436.20,None
436.30,None
436.40,None
436.50,None
436.60,None
436.70,None
436.80,None
436.90,None
437.00,None
437.10,None
437.20,None
437.30,None
437.40,None
437.50,None
437.60,None
437.70,None
437.80,None
437.90,None
438.00,None
438.10,None
438.20,None
438.30,None
438.40,None
438.50,None
438.60,None
438.70,None
438.80,None
438.90,None
439.00,None
439.10,None
439.20,None
439.30,None
439.40,None
439.50,None
439.60,None
439.70,None
439.80,None
439.90,None
440.00,-0.2444835811221576,0.5985061897720038,0.0025000000000000005,0.0,0.0,0.0025000000000000005
440.10,None
440.20,None
440.30,None
440.40,None
440.50,None
440.60,None
440.70,None
440.80,None
440.90,None
441.00,None
441.10,None
441.20,None
441.30,None
441.40,None
441.50,None
441.60,None
441.70,None
441.80,None
441.90,None
442.00,None
442.10,None
442.20,None
442.30,None
442.40,None
442.50,None
442.60,None
442.70,None
442.80,None
442.90,None
443.00,None
443.10,None
443.20,None
443.30,None
443.40,None
443.50,None
443.60,None
443.70,None
443.80,None
443.90,None
444.00,None
444.10,None
444.20,None
444.30,None
444.40,None
444.50,None
444.60,None
444.70,None
444.80,None
444.90,None
445.00,None
445.10,None
445.20,None
445.30,None
445.40,None
445.50,None
445.60,None
445.70,None
445.80,None
445.90,None
446.00,None
446.10,None
446.20,None
446.30,None
446.40,None
446.50,None
446.60,None
446.70,None
446.80,None
446.90,None
447.00,None
447.10,None
447.20,None
447.30,None
447.40,None
447.50,None
447.60,None
447.70,None
447.80,None
447.90,None
448.00,None
448.10,None
448.20,None
448.30,None
448.40,None
448.50,None
448.60,None
448.70,None
448.80,None
448.90,None
449.00,None
449.10,None
449.20,None
449.30,None
449.40,None
449.50,None
449.60,None
449.70,None
449.80,None
449.90,None
450.00,-0.19255133171043748,0.4268068537719188,0.0025000000000000005,0.0,0.0,0.0025000000000000005
450.10,None
450.20,None
450.30,None
450.40,None
450.50,None
450.60,None
450.70,None
450.80,None
450.90,None
451.00,None
451.10,None
451.20,None
451.30,None
451.40,None
451.50,None
451.60,None
451.70,None
451.80,None
451.90,None
452.00,None
452.10,None
452.20,None
452.30,None
452.40,None
452.50,None
452.60,None
452.70,None
452.80,None
452.90,None
453.00,None
453.10,None
453.20,None
453.30,None
453.40,None
453.50,None
453.60,None
453.70,None
453.80,None
453.90,None
454.00,None
454.10,None
454.20,None
454.30,None
454.40,None
454.50,None
454.60,None
454.70,None
454.80,None
454.90,None
455.00,None
455.10,None
455.20,None
455.30,None
455.40,None
455.50,None
455.60,None
455.70,None
455.80,None
455.90,None
456.00,None
456.10,None
456.20,None
456.30,None
456.40,None
456.50,None
456.60,None
456.70,None
456.80,None
456.90,None
457.00,None
457.10,None
457.20,None
457.30,None
457.40,None
457.50,None
457.60,None
457.70,None
457.80,None
457.90,None
458.00,None
458.10,None
458.20,None
458.30,None
458.40,None
458.50,None
458.60,None
458.70,None
458.80,None
458.90,None
459.00,None
459.10,None
459.20,None
459.30,None
459.40,None
459.50,None
459.60,None
459.70,None
459.80,None
459.90,None
460.00,-0.22642257572287386,0.2626517916946903,0.0025000000000000005,0.0,0.0,0.0025000000000000005
460.10,None
460.20,None
460.30,None
460.40,None
460.50,None
460.60,None
460.70,None
460.80,None
460.90,None
461.00,None
461.10,None
461.20,None
461.30,None
461.40,None
461.50,None
461.60,None
461.70,None
461.80,None
461.90,None
462.00,None
462.10,None
462.20,None
462.30,None
462.40,None
462.50,None
462.60,None
462.70,None
462.80,None
462.90,None
463.00,None
463.10,None
463.20,None
463.30,None
463.40,None
463.50,None
463.60,None
463.70,None
463.80,None
463.90,None
464.00,None
464.10,None
464.20,None
464.30,None
464.40,None
464.50,None
464.60,None
464.70,None
464.80,None
464.90,None
465.00,None
465.10,None
465.20,None
465.30,None
465.40,None
465.50,None
465.60,None
465.70,None
465.80,None
465.90,None
466.00,None
466.10,None
466.20,None
466.30,None
466.40,None
466.50,None
466.60,None
466.70,None
466.80,None
466.90,None
467.00,None
467.10,None
467.20,None
467.30,None
467.40,None
467.50,None
467.60,None
467.70,None
467.80,None
467.90,None
468.00,None
468.10,None
468.20,None
468.30,None
468.40,None
468.50,None
468.60,None
468.70,None
468.80,None
468.90,None
469.00,None
469.10,None
469.20,None
469.30,None
469.40,None
469.50,None
469.60,None
469.70,None
469.80,None
469.90,None
470.00,-0.16394341722361835,0.04088491480668579,0.0025000000000000005,0.0,0.0,0.0025000000000000005
470.10,None
470.20,None
470.30,None
470.40,None
470.50,None
470.60,None
470.70,None
470.80,None
470.90,None
471.00,None
471.10,None
471.20,None
471.30,None
471.40,None
471.50,None
471.60,None
471.70,None
471.80,None
471.90,None
472.00,None
472.10,None
472.20,None
472.30,None
472.40,None
472.50,None
472.60,None
472.70,None
472.80,None
472.90,None
473.00,None
473.10,None
473.20,None
473.30,None
473.40,None
473.50,None
473.60,None
473.70,None
473.80,None
473.90,None
474.00,None
474.10,None
474.20,None
474.30,None
474.40,None
474.50,None
474.60,None
474.70,None
474.80,None
474.90,None
475.00,None
475.10,None
475.20,None
475.30,None
475.40,None
475.50,None
475.60,None
475.70,None
475.80,None
475.90,None
476.00,None
476.10,None
476.20,None
476.30,None
476.40,None
476.50,None
476.60,None
476.70,None
476.80,None
476.90,None
477.00,None
477.10,None
477.20,None
477.30,None
477.40,None
477.50,None
477.60,None
477.70,None
477.80,None
477.90,None
478.00,None
478.10,None
478.20,None
478.30,None
478.40,None
478.50,None
478.60,None
478.70,None
478.80,None
478.90,None
479.00,None
479.10,None
479.20,None
479.30,None
479.40,None
479.50,None
479.60,None
479.70,None
479.80,None
479.90,None
480.00,0.01696802167746152,-0.04017366512807183,0.0025000000000000005,0.0,0.0,0.0025000000000000005
480.10,None
480.20,None
480.30,None
480.40,None
480.50,None
480.60,None
480.70,None
480.80,None
480.90,None
481.00,None
481.10,None
481.20,None
481.30,None
481.40,None
481.50,None
481.60,None
481.70,None
481.80,None
481.90,None
482.00,None
482.10,None
482.20,None
482.30,None
482.40,None
482.50,None
482.60,None
482.70,None
482.80,None
482.90,None
483.00,None
483.10,None
483.20,None
483.30,None
483.40,None
483.50,None
483.60,None
483.70,None
483.80,None
483.90,None
484.00,None
484.10,None
484.20,None
484.30,None
484.40,None
484.50,None
484.60,None
484.70,None
484.80,None
484.90,None
485.00,None
485.10,None
485.20,None
485.30,None
485.40,None
485.50,None
485.60,None
485.70,None
485.80,None
485.90,None
486.00,None
486.10,None
486.20,None
486.30,None
486.40,None
486.50,None
486.60,None
486.70,None
486.80,None
486.90,None
487.00,None
487.10,None
487.20,None
487.30,None
487.40,None
487.50,None
487.60,None
487.70,None
487.80,None
487.90,None
488.00,None
488.10,None
488.20,None
488.30,None
488.40,None
488.50,None
488.60,None
488.70,None
488.80,None
488.90,None
489.00,None
489.10,None
489.20,None
489.30,None
489.40,None
489.50,None
489.60,None
489.70,None
489.80,None
489.90,None
